TIMESTAMP,SPEED,ALTITUDE,TRIP,TEMPERATURE,FUEL,PERSONS
05/04/2024 18:01,5,30,GO,21,BP,3
05/04/2024 18:01,21,30,GO,21,BP,3
05/04/2024 18:02,7,30,GO,21,BP,3
05/04/2024 18:02,7,30,GO,21,BP,3
05/04/2024 18:03,8,30,GO,21,BP,3
05/04/2024 18:03,15,32,GO,21,BP,3
05/04/2024 18:03,26,32,GO,21,BP,3
05/04/2024 18:04,43,32,GO,21,BP,3
05/04/2024 18:04,43,32,GO,21,BP,3
05/04/2024 18:05,26,32,GO,21,BP,3
05/04/2024 18:05,23,32,GO,21,BP,3
05/04/2024 18:05,35,32,GO,21,BP,3
05/04/2024 18:06,36,32,GO,21,BP,3
05/04/2024 18:06,0,32,GO,21,BP,3
05/04/2024 18:07,30,32,GO,21,BP,3
05/04/2024 18:07,41,32,GO,21,BP,3
05/04/2024 18:07,26,37,GO,21,BP,3
05/04/2024 18:08,29,37,GO,21,BP,3
05/04/2024 18:08,39,37,GO,21,BP,3
05/04/2024 18:09,31,37,GO,21,BP,3
05/04/2024 18:09,4,37,GO,21,BP,3
05/04/2024 18:10,18,43,GO,21,BP,3
05/04/2024 18:10,13,43,GO,21,BP,3
05/04/2024 18:10,28,43,GO,21,BP,3
05/04/2024 18:11,0,43,GO,21,BP,3
05/04/2024 18:11,14,43,GO,21,BP,3
05/04/2024 18:12,18,39,GO,21,BP,3
05/04/2024 18:12,15,39,GO,21,BP,3
05/04/2024 18:12,30,39,GO,21,BP,3
05/04/2024 18:13,20,39,GO,21,BP,3
05/04/2024 18:13,4,47,GO,21,BP,3
05/04/2024 18:14,5,47,GO,21,BP,3
05/04/2024 18:14,10,47,GO,21,BP,3
05/04/2024 18:14,13,47,GO,21,BP,3
05/04/2024 18:15,22,49,GO,21,BP,3
05/04/2024 18:15,23,49,GO,21,BP,3
05/04/2024 18:16,21,49,GO,21,BP,3
05/04/2024 18:16,7,50,GO,21,BP,3
05/04/2024 18:16,9,50,GO,21,BP,3
05/04/2024 18:17,10,50,GO,21,BP,3
05/04/2024 18:17,4,48,GO,21,BP,3
05/04/2024 18:18,3,49,GO,21,BP,3
05/04/2024 18:18,0,46,GO,21,BP,3
05/04/2024 18:47,0,46,RETURN,21,BP,3
05/04/2024 18:47,7,47,RETURN,21,BP,3
05/04/2024 18:47,0,46,RETURN,21,BP,3
05/04/2024 18:48,10,48,RETURN,21,BP,3
05/04/2024 18:48,18,47,RETURN,21,BP,3
05/04/2024 18:48,12,48,RETURN,21,BP,3
05/04/2024 18:48,13,48,RETURN,21,BP,3
05/04/2024 18:49,21,50,RETURN,21,BP,3
05/04/2024 18:49,9,50,RETURN,21,BP,3
05/04/2024 18:49,5,50,RETURN,21,BP,3
05/04/2024 18:49,9,49,RETURN,21,BP,3
05/04/2024 18:49,18,50,RETURN,21,BP,3
05/04/2024 18:50,24,49,RETURN,21,BP,3
05/04/2024 18:50,14,47,RETURN,21,BP,3
05/04/2024 18:50,24,48,RETURN,21,BP,3
05/04/2024 18:50,29,47,RETURN,21,BP,3
05/04/2024 18:51,22,47,RETURN,21,BP,3
05/04/2024 18:51,6,47,RETURN,21,BP,3
05/04/2024 18:51,7,47,RETURN,21,BP,3
05/04/2024 18:51,20,47,RETURN,21,BP,3
05/04/2024 18:51,32,43,RETURN,21,BP,3
05/04/2024 18:52,10,45,RETURN,21,BP,3
05/04/2024 18:52,2,43,RETURN,21,BP,3
05/04/2024 18:52,20,37,RETURN,21,BP,3
05/04/2024 18:52,38,40,RETURN,21,BP,3
05/04/2024 18:53,33,37,RETURN,21,BP,3
05/04/2024 18:53,31,32,RETURN,21,BP,3
05/04/2024 18:53,29,34,RETURN,21,BP,3
05/04/2024 18:53,26,32,RETURN,21,BP,3
05/04/2024 18:54,27,32,RETURN,21,BP,3
05/04/2024 18:54,19,32,RETURN,21,BP,3
05/04/2024 18:54,16,32,RETURN,21,BP,3
05/04/2024 18:54,5,32,RETURN,21,BP,3
05/04/2024 18:54,13,32,RETURN,21,BP,3
05/04/2024 18:55,0,30,RETURN,21,BP,3
05/04/2024 18:55,15,30,RETURN,21,BP,3
05/04/2024 18:55,19,30,RETURN,21,BP,3
05/04/2024 18:55,26,30,RETURN,21,BP,3
05/04/2024 18:56,15,30,RETURN,21,BP,3
05/04/2024 18:56,5,30,RETURN,21,BP,3
05/04/2024 18:56,3,41,RETURN,21,BP,3
05/04/2024 18:56,6,41,RETURN,21,BP,3
05/04/2024 18:56,6,41,RETURN,21,BP,3
05/04/2024 18:57,17,41,RETURN,21,BP,3
05/04/2024 18:57,19,38,RETURN,21,BP,3
05/04/2024 18:57,22,38,RETURN,21,BP,3
05/04/2024 18:57,24,38,RETURN,21,BP,3
05/04/2024 18:58,8,38,RETURN,21,BP,3
05/04/2024 18:58,3,38,RETURN,21,BP,3
05/04/2024 18:58,8,33,RETURN,21,BP,3
05/04/2024 18:58,15,33,RETURN,21,BP,3
05/04/2024 18:58,22,33,RETURN,21,BP,3
05/04/2024 18:59,18,33,RETURN,21,BP,3
05/04/2024 18:59,12,33,RETURN,21,BP,3
05/04/2024 18:59,9,33,RETURN,21,BP,3
05/04/2024 18:59,5,33,RETURN,21,BP,3
05/04/2024 19:00,3,33,RETURN,21,BP,3
05/04/2024 19:00,2,33,RETURN,21,BP,3
05/04/2024 19:00,0,30,RETURN,21,BP,3
06/04/2024 9:18,0,33,GO,22,BP,3
06/04/2024 9:19,11,32,GO,22,BP,3
06/04/2024 9:20,3,32,GO,22,BP,3
06/04/2024 9:21,20,32,GO,22,BP,3
06/04/2024 9:22,27,33,GO,22,BP,3
06/04/2024 9:23,24,27,GO,22,BP,3
06/04/2024 9:24,0,27,GO,22,BP,3
06/04/2024 9:25,32,19,GO,22,BP,3
06/04/2024 9:26,12,23,GO,22,BP,3
06/04/2024 9:27,40,2,GO,22,BP,3
06/04/2024 9:28,72,10,GO,22,BP,3
06/04/2024 9:29,88,5,GO,22,BP,3
06/04/2024 9:30,91,4,GO,22,BP,3
06/04/2024 9:31,101,6,GO,22,BP,3
06/04/2024 9:32,102,6,GO,22,BP,3
06/04/2024 9:33,83,6,GO,22,BP,3
06/04/2024 9:34,103,15,GO,22,BP,3
06/04/2024 9:35,105,10,GO,22,BP,3
06/04/2024 9:36,106,15,GO,22,BP,3
06/04/2024 9:37,108,70,GO,22,BP,3
06/04/2024 9:38,94,42,GO,22,BP,3
06/04/2024 9:39,108,125,GO,22,BP,3
06/04/2024 9:40,69,98,GO,22,BP,3
06/04/2024 9:40,112,91,GO,22,BP,3
06/04/2024 9:41,95,108,GO,22,BP,3
06/04/2024 9:42,48,61,GO,22,BP,3
06/04/2024 9:43,6,76,GO,22,BP,3
06/04/2024 9:44,0,30,GO,22,BP,3
06/04/2024 9:45,3,46,GO,22,BP,3
06/04/2024 9:46,32,46,GO,22,BP,3
06/04/2024 9:47,24,23,GO,22,BP,3
06/04/2024 9:48,16,26,GO,22,BP,3
06/04/2024 9:49,22,23,GO,22,BP,3
06/04/2024 9:50,54,21,GO,22,BP,3
06/04/2024 9:51,90,22,GO,22,BP,3
06/04/2024 9:52,94,21,GO,22,BP,3
06/04/2024 9:53,78,69,GO,22,BP,3
06/04/2024 9:54,85,45,GO,22,BP,3
06/04/2024 9:55,77,69,GO,22,BP,3
06/04/2024 9:56,51,87,GO,22,BP,3
06/04/2024 9:57,24,78,GO,22,BP,3
06/04/2024 9:58,19,87,GO,22,BP,3
06/04/2024 9:59,20,106,GO,22,BP,3
06/04/2024 10:00,9,96,GO,22,BP,3
06/04/2024 10:01,5,106,GO,22,BP,3
06/04/2024 10:02,0,105,GO,22,BP,3
06/04/2024 10:15,0,105,RETURN,26,BP,1
06/04/2024 10:16,9,105,RETURN,26,BP,1
06/04/2024 10:18,9,105,RETURN,26,BP,1
06/04/2024 10:19,16,106,RETURN,26,BP,1
06/04/2024 10:20,49,106,RETURN,26,BP,1
06/04/2024 10:22,55,106,RETURN,26,BP,1
06/04/2024 10:23,81,87,RETURN,26,BP,1
06/04/2024 10:24,69,96,RETURN,26,BP,1
06/04/2024 10:26,82,87,RETURN,26,BP,1
06/04/2024 10:27,104,69,RETURN,26,BP,1
06/04/2024 10:28,93,78,RETURN,26,BP,1
06/04/2024 10:30,88,69,RETURN,26,BP,1
06/04/2024 10:31,66,21,RETURN,26,BP,1
06/04/2024 10:32,44,45,RETURN,26,BP,1
06/04/2024 10:34,35,21,RETURN,26,BP,1
06/04/2024 10:35,32,23,RETURN,26,BP,1
06/04/2024 10:36,26,22,RETURN,26,BP,1
06/04/2024 10:38,32,23,RETURN,26,BP,1
06/04/2024 10:39,35,30,RETURN,26,BP,1
06/04/2024 10:40,32,26,RETURN,26,BP,1
06/04/2024 10:42,37,61,RETURN,26,BP,1
06/04/2024 10:43,70,46,RETURN,26,BP,1
06/04/2024 10:44,105,91,RETURN,26,BP,1
06/04/2024 10:46,111,76,RETURN,26,BP,1
06/04/2024 10:47,113,125,RETURN,26,BP,1
06/04/2024 10:48,113,108,RETURN,26,BP,1
06/04/2024 10:50,88,70,RETURN,26,BP,1
06/04/2024 10:51,95,98,RETURN,26,BP,1
06/04/2024 10:52,98,98,RETURN,26,BP,1
06/04/2024 10:54,66,15,RETURN,26,BP,1
06/04/2024 10:55,34,42,RETURN,26,BP,1
06/04/2024 10:56,73,15,RETURN,26,BP,1
06/04/2024 10:58,96,6,RETURN,26,BP,1
06/04/2024 10:59,120,10,RETURN,26,BP,1
06/04/2024 11:00,126,5,RETURN,26,BP,1
06/04/2024 11:02,117,6,RETURN,26,BP,1
06/04/2024 11:03,111,2,RETURN,26,BP,1
06/04/2024 11:04,105,4,RETURN,26,BP,1
06/04/2024 11:06,103,4,RETURN,26,BP,1
06/04/2024 11:07,89,7,RETURN,26,BP,1
06/04/2024 11:08,97,4,RETURN,26,BP,1
06/04/2024 11:10,71,7,RETURN,26,BP,1
06/04/2024 11:11,73,7,RETURN,26,BP,1
06/04/2024 11:12,78,18,RETURN,26,BP,1
06/04/2024 11:14,66,18,RETURN,26,BP,1
06/04/2024 11:15,76,18,RETURN,26,BP,1
06/04/2024 11:16,76,18,RETURN,26,BP,1
06/04/2024 11:18,69,19,RETURN,26,BP,1
06/04/2024 11:19,39,19,RETURN,26,BP,1
06/04/2024 11:20,9,27,RETURN,26,BP,1
06/04/2024 11:22,37,23,RETURN,26,BP,1
06/04/2024 11:23,31,23,RETURN,26,BP,1
06/04/2024 11:24,18,27,RETURN,26,BP,1
06/04/2024 11:26,5,27,RETURN,26,BP,1
06/04/2024 11:27,0,33,RETURN,26,BP,1
13/04/2024 10:31,0,33,GO,19,BP,2
13/04/2024 10:32,3,33,GO,19,BP,2
13/04/2024 10:32,0,33,GO,19,BP,2
13/04/2024 10:33,11,33,GO,19,BP,2
13/04/2024 10:34,20,33,GO,19,BP,2
13/04/2024 10:34,6,27,GO,19,BP,2
13/04/2024 10:35,24,27,GO,19,BP,2
13/04/2024 10:36,8,19,GO,19,BP,2
13/04/2024 10:36,3,23,GO,19,BP,2
13/04/2024 10:37,29,2,GO,19,BP,2
13/04/2024 10:38,32,10,GO,19,BP,2
13/04/2024 10:38,27,5,GO,19,BP,2
13/04/2024 10:39,29,4,GO,19,BP,2
13/04/2024 10:40,41,6,GO,19,BP,2
13/04/2024 10:40,0,6,GO,19,BP,2
13/04/2024 10:41,13,6,GO,19,BP,2
13/04/2024 10:42,38,15,GO,19,BP,2
13/04/2024 10:42,60,10,GO,19,BP,2
13/04/2024 10:43,70,15,GO,19,BP,2
13/04/2024 10:44,83,70,GO,19,BP,2
13/04/2024 10:44,92,42,GO,19,BP,2
13/04/2024 10:45,95,125,GO,19,BP,2
13/04/2024 10:46,99,98,GO,19,BP,2
13/04/2024 10:46,88,91,GO,19,BP,2
13/04/2024 10:47,81,108,GO,19,BP,2
13/04/2024 10:48,82,108,GO,19,BP,2
13/04/2024 10:48,80,91,GO,19,BP,2
13/04/2024 10:49,83,91,GO,19,BP,2
13/04/2024 10:50,109,100,GO,19,BP,2
13/04/2024 10:50,88,97,GO,19,BP,2
13/04/2024 10:51,85,91,GO,19,BP,2
13/04/2024 10:52,98,91,GO,19,BP,2
13/04/2024 10:52,99,124,GO,19,BP,2
13/04/2024 10:53,100,124,GO,19,BP,2
13/04/2024 10:54,115,124,GO,19,BP,2
13/04/2024 10:54,110,124,GO,19,BP,2
13/04/2024 10:55,69,124,GO,19,BP,2
13/04/2024 10:56,102,124,GO,19,BP,2
13/04/2024 10:56,101,124,GO,19,BP,2
13/04/2024 10:57,102,124,GO,19,BP,2
13/04/2024 10:58,98,118,GO,19,BP,2
13/04/2024 10:58,96,118,GO,19,BP,2
13/04/2024 10:59,80,118,GO,19,BP,2
13/04/2024 11:00,69,118,GO,19,BP,2
13/04/2024 11:01,30,43,GO,19,BP,2
13/04/2024 11:01,28,43,GO,19,BP,2
13/04/2024 11:02,29,43,GO,19,BP,2
13/04/2024 11:03,29,43,GO,19,BP,2
13/04/2024 11:03,30,43,GO,19,BP,2
13/04/2024 11:04,33,23,GO,19,BP,2
13/04/2024 11:05,18,23,GO,19,BP,2
13/04/2024 11:05,31,23,GO,19,BP,2
13/04/2024 11:06,35,23,GO,19,BP,2
13/04/2024 11:07,33,23,GO,19,BP,2
13/04/2024 11:07,40,23,GO,19,BP,2
13/04/2024 11:08,39,23,GO,19,BP,2
13/04/2024 11:09,18,16,GO,19,BP,2
13/04/2024 11:09,86,16,GO,19,BP,2
13/04/2024 11:10,95,16,GO,19,BP,2
13/04/2024 11:11,84,16,GO,19,BP,2
13/04/2024 11:11,82,21,GO,19,BP,2
13/04/2024 11:12,78,21,GO,19,BP,2
13/04/2024 11:13,83,21,GO,19,BP,2
13/04/2024 11:13,87,21,GO,19,BP,2
13/04/2024 11:14,101,21,GO,19,BP,2
13/04/2024 11:15,91,21,GO,19,BP,2
13/04/2024 11:15,81,54,GO,19,BP,2
13/04/2024 11:16,69,54,GO,19,BP,2
13/04/2024 11:17,41,54,GO,19,BP,2
13/04/2024 11:17,0,54,GO,19,BP,2
13/04/2024 11:18,8,54,GO,19,BP,2
13/04/2024 11:19,23,54,GO,19,BP,2
13/04/2024 11:19,16,72,GO,19,BP,2
13/04/2024 11:20,26,72,GO,19,BP,2
13/04/2024 11:21,15,72,GO,19,BP,2
13/04/2024 11:21,16,72,GO,19,BP,2
13/04/2024 11:22,16,95,GO,19,BP,2
13/04/2024 11:23,27,95,GO,19,BP,2
13/04/2024 11:23,15,95,GO,19,BP,2
13/04/2024 11:24,26,106,GO,19,BP,2
13/04/2024 11:25,21,100,GO,19,BP,2
13/04/2024 11:25,22,106,GO,19,BP,2
13/04/2024 11:26,0,105,GO,19,BP,2
14/04/2024 13:50,0,105,GO,22,REPSOL,4
14/04/2024 13:50,2,105,GO,22,REPSOL,4
14/04/2024 13:50,0,105,GO,22,REPSOL,4
14/04/2024 13:51,4,105,GO,22,REPSOL,4
14/04/2024 13:51,0,105,GO,22,REPSOL,4
14/04/2024 13:51,6,105,GO,22,REPSOL,4
14/04/2024 13:51,9,105,GO,22,REPSOL,4
14/04/2024 13:51,1,105,GO,22,REPSOL,4
14/04/2024 13:52,6,105,GO,22,REPSOL,4
14/04/2024 13:52,12,108,GO,22,REPSOL,4
14/04/2024 13:52,18,108,GO,22,REPSOL,4
14/04/2024 13:52,15,108,GO,22,REPSOL,4
14/04/2024 13:52,11,108,GO,22,REPSOL,4
14/04/2024 13:52,13,108,GO,22,REPSOL,4
14/04/2024 13:53,15,113,GO,22,REPSOL,4
14/04/2024 13:53,16,113,GO,22,REPSOL,4
14/04/2024 13:53,18,113,GO,22,REPSOL,4
14/04/2024 13:53,19,113,GO,22,REPSOL,4
14/04/2024 13:53,23,113,GO,22,REPSOL,4
14/04/2024 13:54,22,113,GO,22,REPSOL,4
14/04/2024 13:54,21,104,GO,22,REPSOL,4
14/04/2024 13:54,18,104,GO,22,REPSOL,4
14/04/2024 13:54,11,104,GO,22,REPSOL,4
14/04/2024 13:54,7,104,GO,22,REPSOL,4
14/04/2024 13:55,19,104,GO,22,REPSOL,4
14/04/2024 13:55,19,104,GO,22,REPSOL,4
14/04/2024 13:55,15,104,GO,22,REPSOL,4
14/04/2024 13:55,21,104,GO,22,REPSOL,4
14/04/2024 13:55,15,94,GO,22,REPSOL,4
14/04/2024 13:56,11,94,GO,22,REPSOL,4
14/04/2024 13:56,28,94,GO,22,REPSOL,4
14/04/2024 13:56,22,94,GO,22,REPSOL,4
14/04/2024 13:56,12,94,GO,22,REPSOL,4
14/04/2024 13:56,24,94,GO,22,REPSOL,4
14/04/2024 13:56,15,94,GO,22,REPSOL,4
14/04/2024 13:57,28,94,GO,22,REPSOL,4
14/04/2024 13:57,41,94,GO,22,REPSOL,4
14/04/2024 13:57,48,96,GO,22,REPSOL,4
14/04/2024 13:57,49,96,GO,22,REPSOL,4
14/04/2024 13:57,45,96,GO,22,REPSOL,4
14/04/2024 13:58,39,96,GO,22,REPSOL,4
14/04/2024 13:58,32,102,GO,22,REPSOL,4
14/04/2024 13:58,23,102,GO,22,REPSOL,4
14/04/2024 13:58,20,102,GO,22,REPSOL,4
14/04/2024 13:58,24,102,GO,22,REPSOL,4
14/04/2024 13:59,30,102,GO,22,REPSOL,4
14/04/2024 13:59,33,102,GO,22,REPSOL,4
14/04/2024 13:59,38,102,GO,22,REPSOL,4
14/04/2024 13:59,46,110,GO,22,REPSOL,4
14/04/2024 13:59,67,110,GO,22,REPSOL,4
14/04/2024 13:59,65,110,GO,22,REPSOL,4
14/04/2024 14:00,58,110,GO,22,REPSOL,4
14/04/2024 14:00,56,110,GO,22,REPSOL,4
14/04/2024 14:00,42,106,GO,22,REPSOL,4
14/04/2024 14:00,27,106,GO,22,REPSOL,4
14/04/2024 14:00,14,106,GO,22,REPSOL,4
14/04/2024 14:01,14,106,GO,22,REPSOL,4
14/04/2024 14:01,2,106,GO,22,REPSOL,4
14/04/2024 14:01,0,105,GO,22,REPSOL,4
14/04/2024 15:19,0,105,RETURN,23,REPSOL,4
14/04/2024 15:19,4,105,RETURN,23,REPSOL,4
14/04/2024 15:19,12,105,RETURN,23,REPSOL,4
14/04/2024 15:20,8,105,RETURN,23,REPSOL,4
14/04/2024 15:20,6,105,RETURN,23,REPSOL,4
14/04/2024 15:20,7,105,RETURN,23,REPSOL,4
14/04/2024 15:20,26,105,RETURN,23,REPSOL,4
14/04/2024 15:21,39,106,RETURN,23,REPSOL,4
14/04/2024 15:21,43,106,RETURN,23,REPSOL,4
14/04/2024 15:21,44,106,RETURN,23,REPSOL,4
14/04/2024 15:21,39,106,RETURN,23,REPSOL,4
14/04/2024 15:21,35,106,RETURN,23,REPSOL,4
14/04/2024 15:22,29,110,RETURN,23,REPSOL,4
14/04/2024 15:22,16,110,RETURN,23,REPSOL,4
14/04/2024 15:22,24,110,RETURN,23,REPSOL,4
14/04/2024 15:22,17,110,RETURN,23,REPSOL,4
14/04/2024 15:22,25,110,RETURN,23,REPSOL,4
14/04/2024 15:23,23,110,RETURN,23,REPSOL,4
14/04/2024 15:23,20,110,RETURN,23,REPSOL,4
14/04/2024 15:23,15,110,RETURN,23,REPSOL,4
14/04/2024 15:23,23,110,RETURN,23,REPSOL,4
14/04/2024 15:24,31,106,RETURN,23,REPSOL,4
14/04/2024 15:24,27,106,RETURN,23,REPSOL,4
14/04/2024 15:24,25,104,RETURN,23,REPSOL,4
14/04/2024 15:24,25,104,RETURN,23,REPSOL,4
14/04/2024 15:24,21,104,RETURN,23,REPSOL,4
14/04/2024 15:25,16,104,RETURN,23,REPSOL,4
14/04/2024 15:25,18,104,RETURN,23,REPSOL,4
14/04/2024 15:25,20,104,RETURN,23,REPSOL,4
14/04/2024 15:25,20,104,RETURN,23,REPSOL,4
14/04/2024 15:26,21,104,RETURN,23,REPSOL,4
14/04/2024 15:26,17,104,RETURN,23,REPSOL,4
14/04/2024 15:26,19,99,RETURN,23,REPSOL,4
14/04/2024 15:26,21,94,RETURN,23,REPSOL,4
14/04/2024 15:26,21,94,RETURN,23,REPSOL,4
14/04/2024 15:27,17,94,RETURN,23,REPSOL,4
14/04/2024 15:27,10,94,RETURN,23,REPSOL,4
14/04/2024 15:27,7,94,RETURN,23,REPSOL,4
14/04/2024 15:27,13,94,RETURN,23,REPSOL,4
14/04/2024 15:27,13,94,RETURN,23,REPSOL,4
14/04/2024 15:28,13,94,RETURN,23,REPSOL,4
14/04/2024 15:28,10,94,RETURN,23,REPSOL,4
14/04/2024 15:28,12,98,RETURN,23,REPSOL,4
14/04/2024 15:28,11,104,RETURN,23,REPSOL,4
14/04/2024 15:29,3,104,RETURN,23,REPSOL,4
14/04/2024 15:29,12,104,RETURN,23,REPSOL,4
14/04/2024 15:29,16,104,RETURN,23,REPSOL,4
14/04/2024 15:29,15,104,RETURN,23,REPSOL,4
14/04/2024 15:29,10,104,RETURN,23,REPSOL,4
14/04/2024 15:30,15,104,RETURN,23,REPSOL,4
14/04/2024 15:30,15,104,RETURN,23,REPSOL,4
14/04/2024 15:30,11,113,RETURN,23,REPSOL,4
14/04/2024 15:30,6,113,RETURN,23,REPSOL,4
14/04/2024 15:30,5,113,RETURN,23,REPSOL,4
14/04/2024 15:31,12,113,RETURN,23,REPSOL,4
14/04/2024 15:31,13,113,RETURN,23,REPSOL,4
14/04/2024 15:31,13,113,RETURN,23,REPSOL,4
14/04/2024 15:31,14,113,RETURN,23,REPSOL,4
14/04/2024 15:32,6,113,RETURN,23,REPSOL,4
14/04/2024 15:32,3,113,RETURN,23,REPSOL,4
14/04/2024 15:32,0,105,RETURN,23,REPSOL,4
14/04/2024 16:06,0,105,RETURN,23,REPSOL,2
14/04/2024 16:07,4,105,RETURN,23,REPSOL,2
14/04/2024 16:07,8,105,RETURN,23,REPSOL,2
14/04/2024 16:08,3,106,RETURN,23,REPSOL,2
14/04/2024 16:08,3,106,RETURN,23,REPSOL,2
14/04/2024 16:09,15,106,RETURN,23,REPSOL,2
14/04/2024 16:09,24,106,RETURN,23,REPSOL,2
14/04/2024 16:10,7,106,RETURN,23,REPSOL,2
14/04/2024 16:10,14,106,RETURN,23,REPSOL,2
14/04/2024 16:11,28,106,RETURN,23,REPSOL,2
14/04/2024 16:12,25,106,RETURN,23,REPSOL,2
14/04/2024 16:12,27,106,RETURN,23,REPSOL,2
14/04/2024 16:13,32,87,RETURN,23,REPSOL,2
14/04/2024 16:13,46,99,RETURN,23,REPSOL,2
14/04/2024 16:14,46,99,RETURN,23,REPSOL,2
14/04/2024 16:14,64,69,RETURN,23,REPSOL,2
14/04/2024 16:15,88,87,RETURN,23,REPSOL,2
14/04/2024 16:15,99,87,RETURN,23,REPSOL,2
14/04/2024 16:16,87,78,RETURN,23,REPSOL,2
14/04/2024 16:17,85,78,RETURN,23,REPSOL,2
14/04/2024 16:17,82,78,RETURN,23,REPSOL,2
14/04/2024 16:18,80,78,RETURN,23,REPSOL,2
14/04/2024 16:18,81,21,RETURN,23,REPSOL,2
14/04/2024 16:19,91,59,RETURN,23,REPSOL,2
14/04/2024 16:19,84,59,RETURN,23,REPSOL,2
14/04/2024 16:20,79,23,RETURN,23,REPSOL,2
14/04/2024 16:21,67,50,RETURN,23,REPSOL,2
14/04/2024 16:21,34,38,RETURN,23,REPSOL,2
14/04/2024 16:22,38,30,RETURN,23,REPSOL,2
14/04/2024 16:22,32,36,RETURN,23,REPSOL,2
14/04/2024 16:23,33,25,RETURN,23,REPSOL,2
14/04/2024 16:23,24,25,RETURN,23,REPSOL,2
14/04/2024 16:24,27,45,RETURN,23,REPSOL,2
14/04/2024 16:24,29,30,RETURN,23,REPSOL,2
14/04/2024 16:25,34,30,RETURN,23,REPSOL,2
14/04/2024 16:26,30,30,RETURN,23,REPSOL,2
14/04/2024 16:26,29,30,RETURN,23,REPSOL,2
14/04/2024 16:27,31,61,RETURN,23,REPSOL,2
14/04/2024 16:27,26,40,RETURN,23,REPSOL,2
14/04/2024 16:28,45,91,RETURN,23,REPSOL,2
14/04/2024 16:28,75,57,RETURN,23,REPSOL,2
14/04/2024 16:29,99,125,RETURN,23,REPSOL,2
14/04/2024 16:29,115,70,RETURN,23,REPSOL,2
14/04/2024 16:30,120,70,RETURN,23,REPSOL,2
14/04/2024 16:31,95,78,RETURN,23,REPSOL,2
14/04/2024 16:31,97,78,RETURN,23,REPSOL,2
14/04/2024 16:32,95,15,RETURN,23,REPSOL,2
14/04/2024 16:32,88,72,RETURN,23,REPSOL,2
14/04/2024 16:33,83,72,RETURN,23,REPSOL,2
14/04/2024 16:33,73,72,RETURN,23,REPSOL,2
14/04/2024 16:34,34,72,RETURN,23,REPSOL,2
14/04/2024 16:34,32,72,RETURN,23,REPSOL,2
14/04/2024 16:35,45,75,RETURN,23,REPSOL,2
14/04/2024 16:36,61,75,RETURN,23,REPSOL,2
14/04/2024 16:36,74,70,RETURN,23,REPSOL,2
14/04/2024 16:37,102,70,RETURN,23,REPSOL,2
14/04/2024 16:37,115,42,RETURN,23,REPSOL,2
14/04/2024 16:38,123,10,RETURN,23,REPSOL,2
14/04/2024 16:38,108,12,RETURN,23,REPSOL,2
14/04/2024 16:39,104,12,RETURN,23,REPSOL,2
14/04/2024 16:39,112,12,RETURN,23,REPSOL,2
14/04/2024 16:40,99,10,RETURN,23,REPSOL,2
14/04/2024 16:41,96,10,RETURN,23,REPSOL,2
14/04/2024 16:41,92,10,RETURN,23,REPSOL,2
14/04/2024 16:42,80,10,RETURN,23,REPSOL,2
14/04/2024 16:42,95,10,RETURN,23,REPSOL,2
14/04/2024 16:43,91,10,RETURN,23,REPSOL,2
14/04/2024 16:43,86,10,RETURN,23,REPSOL,2
14/04/2024 16:44,88,10,RETURN,23,REPSOL,2
14/04/2024 16:44,109,6,RETURN,23,REPSOL,2
14/04/2024 16:45,94,8,RETURN,23,REPSOL,2
14/04/2024 16:46,83,5,RETURN,23,REPSOL,2
14/04/2024 16:46,93,6,RETURN,23,REPSOL,2
14/04/2024 16:47,74,2,RETURN,23,REPSOL,2
14/04/2024 16:47,87,4,RETURN,23,REPSOL,2
14/04/2024 16:48,78,4,RETURN,23,REPSOL,2
14/04/2024 16:48,80,7,RETURN,23,REPSOL,2
14/04/2024 16:49,61,5,RETURN,23,REPSOL,2
14/04/2024 16:50,74,5,RETURN,23,REPSOL,2
14/04/2024 16:50,76,5,RETURN,23,REPSOL,2
14/04/2024 16:51,40,18,RETURN,23,REPSOL,2
14/04/2024 16:51,23,8,RETURN,23,REPSOL,2
14/04/2024 16:52,24,8,RETURN,23,REPSOL,2
14/04/2024 16:52,10,8,RETURN,23,REPSOL,2
14/04/2024 16:53,0,19,RETURN,23,REPSOL,2
14/04/2024 16:53,21,10,RETURN,23,REPSOL,2
14/04/2024 16:54,3,27,RETURN,23,REPSOL,2
14/04/2024 16:55,20,15,RETURN,23,REPSOL,2
14/04/2024 16:55,35,18,RETURN,23,REPSOL,2
14/04/2024 16:56,25,18,RETURN,23,REPSOL,2
14/04/2024 16:56,26,18,RETURN,23,REPSOL,2
14/04/2024 16:57,0,21,RETURN,23,REPSOL,2
14/04/2024 16:57,8,21,RETURN,23,REPSOL,2
14/04/2024 16:58,9,21,RETURN,23,REPSOL,2
14/04/2024 16:58,7,21,RETURN,23,REPSOL,2
14/04/2024 16:59,0,33,RETURN,23,REPSOL,2
19/04/2024 16:04,0,33,GO,23,REPSOL,1
19/04/2024 16:04,6,28,GO,23,REPSOL,1
19/04/2024 16:04,8,28,GO,23,REPSOL,1
19/04/2024 16:05,18,31,GO,23,REPSOL,1
19/04/2024 16:05,13,31,GO,23,REPSOL,1
19/04/2024 16:05,10,33,GO,23,REPSOL,1
19/04/2024 16:05,5,33,GO,23,REPSOL,1
19/04/2024 16:05,0,29,GO,23,REPSOL,1
19/04/2024 16:06,3,32,GO,23,REPSOL,1
19/04/2024 16:06,15,32,GO,23,REPSOL,1
19/04/2024 16:06,22,32,GO,23,REPSOL,1
19/04/2024 16:06,21,32,GO,23,REPSOL,1
19/04/2024 16:06,14,32,GO,23,REPSOL,1
19/04/2024 16:07,6,32,GO,23,REPSOL,1
19/04/2024 16:07,2,31,GO,23,REPSOL,1
19/04/2024 16:07,15,29,GO,23,REPSOL,1
19/04/2024 16:07,32,29,GO,23,REPSOL,1
19/04/2024 16:07,35,29,GO,23,REPSOL,1
19/04/2024 16:08,40,29,GO,23,REPSOL,1
19/04/2024 16:08,48,29,GO,23,REPSOL,1
19/04/2024 16:08,38,29,GO,23,REPSOL,1
19/04/2024 16:08,27,29,GO,23,REPSOL,1
19/04/2024 16:08,20,30,GO,23,REPSOL,1
19/04/2024 16:09,3,30,GO,23,REPSOL,1
19/04/2024 16:09,10,30,GO,23,REPSOL,1
19/04/2024 16:09,22,30,GO,23,REPSOL,1
19/04/2024 16:09,18,30,GO,23,REPSOL,1
19/04/2024 16:09,6,30,GO,23,REPSOL,1
19/04/2024 16:10,5,30,GO,23,REPSOL,1
19/04/2024 16:10,0,30,GO,23,REPSOL,1
19/04/2024 16:10,9,30,GO,23,REPSOL,1
19/04/2024 16:10,24,30,GO,23,REPSOL,1
19/04/2024 16:10,22,30,GO,23,REPSOL,1
19/04/2024 16:11,15,30,GO,23,REPSOL,1
19/04/2024 16:11,0,30,GO,23,REPSOL,1
19/04/2024 16:11,7,30,GO,23,REPSOL,1
19/04/2024 16:11,21,30,GO,23,REPSOL,1
19/04/2024 16:12,6,30,GO,23,REPSOL,1
19/04/2024 16:12,0,30,GO,23,REPSOL,1
19/04/2024 16:12,5,30,GO,23,REPSOL,1
19/04/2024 16:12,18,30,GO,23,REPSOL,1
19/04/2024 16:12,5,30,GO,23,REPSOL,1
19/04/2024 16:13,11,30,GO,23,REPSOL,1
19/04/2024 16:13,17,30,GO,23,REPSOL,1
19/04/2024 16:13,11,30,GO,23,REPSOL,1
19/04/2024 16:13,0,29,GO,23,REPSOL,1
19/04/2024 16:13,6,29,GO,23,REPSOL,1
19/04/2024 16:14,20,29,GO,23,REPSOL,1
19/04/2024 16:14,23,29,GO,23,REPSOL,1
19/04/2024 16:14,19,29,GO,23,REPSOL,1
19/04/2024 16:14,2,29,GO,23,REPSOL,1
19/04/2024 16:14,0,29,GO,23,REPSOL,1
19/04/2024 16:15,4,29,GO,23,REPSOL,1
19/04/2024 16:15,19,29,GO,23,REPSOL,1
19/04/2024 16:15,33,29,GO,23,REPSOL,1
19/04/2024 16:15,36,29,GO,23,REPSOL,1
19/04/2024 16:15,41,29,GO,23,REPSOL,1
19/04/2024 16:16,38,29,GO,23,REPSOL,1
19/04/2024 16:16,31,29,GO,23,REPSOL,1
19/04/2024 16:16,15,29,GO,23,REPSOL,1
19/04/2024 16:16,0,29,GO,23,REPSOL,1
19/04/2024 16:16,10,29,GO,23,REPSOL,1
19/04/2024 16:17,21,29,GO,23,REPSOL,1
19/04/2024 16:17,24,29,GO,23,REPSOL,1
19/04/2024 16:17,16,29,GO,23,REPSOL,1
19/04/2024 16:17,24,29,GO,23,REPSOL,1
19/04/2024 16:17,20,29,GO,23,REPSOL,1
19/04/2024 16:18,13,29,GO,23,REPSOL,1
19/04/2024 16:18,6,29,GO,23,REPSOL,1
19/04/2024 16:18,0,30,GO,23,REPSOL,1
19/04/2024 16:50,0,30,RETURN,23,REPSOL,1
19/04/2024 16:50,15,30,RETURN,23,REPSOL,1
19/04/2024 16:50,20,30,RETURN,23,REPSOL,1
19/04/2024 16:50,13,30,RETURN,23,REPSOL,1
19/04/2024 16:50,22,30,RETURN,23,REPSOL,1
19/04/2024 16:51,24,30,RETURN,23,REPSOL,1
19/04/2024 16:51,21,30,RETURN,23,REPSOL,1
19/04/2024 16:51,10,30,RETURN,23,REPSOL,1
19/04/2024 16:51,5,30,RETURN,23,REPSOL,1
19/04/2024 16:51,5,30,RETURN,23,REPSOL,1
19/04/2024 16:51,5,29,RETURN,23,REPSOL,1
19/04/2024 16:51,0,30,RETURN,23,REPSOL,1
19/04/2024 16:52,9,30,RETURN,23,REPSOL,1
19/04/2024 16:52,26,30,RETURN,23,REPSOL,1
19/04/2024 16:52,33,30,RETURN,23,REPSOL,1
19/04/2024 16:52,26,29,RETURN,23,REPSOL,1
19/04/2024 16:52,38,29,RETURN,23,REPSOL,1
19/04/2024 16:52,36,29,RETURN,23,REPSOL,1
19/04/2024 16:52,43,29,RETURN,23,REPSOL,1
19/04/2024 16:52,37,29,RETURN,23,REPSOL,1
19/04/2024 16:52,35,29,RETURN,23,REPSOL,1
19/04/2024 16:53,33,29,RETURN,23,REPSOL,1
19/04/2024 16:53,29,29,RETURN,23,REPSOL,1
19/04/2024 16:53,30,30,RETURN,23,REPSOL,1
19/04/2024 16:53,28,30,RETURN,23,REPSOL,1
19/04/2024 16:53,28,30,RETURN,23,REPSOL,1
19/04/2024 16:53,28,30,RETURN,23,REPSOL,1
19/04/2024 16:53,17,30,RETURN,23,REPSOL,1
19/04/2024 16:54,0,30,RETURN,23,REPSOL,1
19/04/2024 16:54,4,30,RETURN,23,REPSOL,1
19/04/2024 16:54,15,30,RETURN,23,REPSOL,1
19/04/2024 16:54,22,30,RETURN,23,REPSOL,1
19/04/2024 16:54,27,30,RETURN,23,REPSOL,1
19/04/2024 16:54,41,30,RETURN,23,REPSOL,1
19/04/2024 16:54,36,30,RETURN,23,REPSOL,1
19/04/2024 16:54,30,30,RETURN,23,REPSOL,1
19/04/2024 16:54,25,30,RETURN,23,REPSOL,1
19/04/2024 16:55,21,30,RETURN,23,REPSOL,1
19/04/2024 16:55,15,30,RETURN,23,REPSOL,1
19/04/2024 16:55,7,30,RETURN,23,REPSOL,1
19/04/2024 16:55,0,30,RETURN,23,REPSOL,1
19/04/2024 16:55,12,29,RETURN,23,REPSOL,1
19/04/2024 16:55,23,29,RETURN,23,REPSOL,1
19/04/2024 16:55,26,29,RETURN,23,REPSOL,1
19/04/2024 16:56,30,29,RETURN,23,REPSOL,1
19/04/2024 16:56,32,29,RETURN,23,REPSOL,1
19/04/2024 16:56,25,29,RETURN,23,REPSOL,1
19/04/2024 16:56,17,29,RETURN,23,REPSOL,1
19/04/2024 16:56,12,29,RETURN,23,REPSOL,1
19/04/2024 16:56,6,29,RETURN,23,REPSOL,1
19/04/2024 16:56,0,29,RETURN,23,REPSOL,1
19/04/2024 16:56,16,29,RETURN,23,REPSOL,1
19/04/2024 16:56,77,29,RETURN,23,REPSOL,1
19/04/2024 16:57,12,29,RETURN,23,REPSOL,1
19/04/2024 16:57,3,29,RETURN,23,REPSOL,1
19/04/2024 16:57,2,29,RETURN,23,REPSOL,1
19/04/2024 16:57,0,33,RETURN,23,REPSOL,1
20/04/2024 9:28,0,33,GO,20,REPSOL,2
20/04/2024 9:29,15,33,GO,20,REPSOL,2
20/04/2024 9:29,13,33,GO,20,REPSOL,2
20/04/2024 9:30,20,33,GO,20,REPSOL,2
20/04/2024 9:31,0,33,GO,20,REPSOL,2
20/04/2024 9:31,9,27,GO,20,REPSOL,2
20/04/2024 9:32,12,30,GO,20,REPSOL,2
20/04/2024 9:33,27,27,GO,20,REPSOL,2
20/04/2024 9:33,23,27,GO,20,REPSOL,2
20/04/2024 9:34,0,27,GO,20,REPSOL,2
20/04/2024 9:35,29,27,GO,20,REPSOL,2
20/04/2024 9:35,35,27,GO,20,REPSOL,2
20/04/2024 9:36,38,30,GO,20,REPSOL,2
20/04/2024 9:37,0,20,GO,20,REPSOL,2
20/04/2024 9:37,37,20,GO,20,REPSOL,2
20/04/2024 9:38,0,20,GO,20,REPSOL,2
20/04/2024 9:39,54,20,GO,20,REPSOL,2
20/04/2024 9:39,34,20,GO,20,REPSOL,2
20/04/2024 9:40,18,20,GO,20,REPSOL,2
20/04/2024 9:41,0,20,GO,20,REPSOL,2
20/04/2024 9:41,42,23,GO,20,REPSOL,2
20/04/2024 9:42,47,23,GO,20,REPSOL,2
20/04/2024 9:43,51,19,GO,20,REPSOL,2
20/04/2024 9:43,84,19,GO,20,REPSOL,2
20/04/2024 9:44,97,2,GO,20,REPSOL,2
20/04/2024 9:44,108,10,GO,20,REPSOL,2
20/04/2024 9:45,94,5,GO,20,REPSOL,2
20/04/2024 9:46,101,9,GO,20,REPSOL,2
20/04/2024 9:46,93,9,GO,20,REPSOL,2
20/04/2024 9:47,88,4,GO,20,REPSOL,2
20/04/2024 9:48,80,4,GO,20,REPSOL,2
20/04/2024 9:48,102,5,GO,20,REPSOL,2
20/04/2024 9:49,102,5,GO,20,REPSOL,2
20/04/2024 9:50,104,5,GO,20,REPSOL,2
20/04/2024 9:50,94,5,GO,20,REPSOL,2
20/04/2024 9:51,82,5,GO,20,REPSOL,2
20/04/2024 9:52,86,5,GO,20,REPSOL,2
20/04/2024 9:52,116,5,GO,20,REPSOL,2
20/04/2024 9:53,81,5,GO,20,REPSOL,2
20/04/2024 9:54,108,5,GO,20,REPSOL,2
20/04/2024 9:54,99,5,GO,20,REPSOL,2
20/04/2024 9:55,91,5,GO,20,REPSOL,2
20/04/2024 9:56,85,6,GO,20,REPSOL,2
20/04/2024 9:56,130,6,GO,20,REPSOL,2
20/04/2024 9:57,97,6,GO,20,REPSOL,2
20/04/2024 9:58,92,15,GO,20,REPSOL,2
20/04/2024 9:58,104,10,GO,20,REPSOL,2
20/04/2024 9:59,96,10,GO,20,REPSOL,2
20/04/2024 10:00,94,10,GO,20,REPSOL,2
20/04/2024 10:00,84,20,GO,20,REPSOL,2
20/04/2024 10:01,68,18,GO,20,REPSOL,2
20/04/2024 10:02,88,18,GO,20,REPSOL,2
20/04/2024 10:02,100,20,GO,20,REPSOL,2
20/04/2024 10:03,98,45,GO,20,REPSOL,2
20/04/2024 10:04,88,32,GO,20,REPSOL,2
20/04/2024 10:04,91,32,GO,20,REPSOL,2
20/04/2024 10:05,100,45,GO,20,REPSOL,2
20/04/2024 10:06,84,45,GO,20,REPSOL,2
20/04/2024 10:06,71,45,GO,20,REPSOL,2
20/04/2024 10:07,55,45,GO,20,REPSOL,2
20/04/2024 10:08,48,70,GO,20,REPSOL,2
20/04/2024 10:08,24,70,GO,20,REPSOL,2
20/04/2024 10:09,23,125,GO,20,REPSOL,2
20/04/2024 10:10,27,98,GO,20,REPSOL,2
20/04/2024 10:10,28,91,GO,20,REPSOL,2
20/04/2024 10:11,27,95,GO,20,REPSOL,2
20/04/2024 10:12,26,61,GO,20,REPSOL,2
20/04/2024 10:12,23,92,GO,20,REPSOL,2
20/04/2024 10:13,15,30,GO,20,REPSOL,2
20/04/2024 10:13,7,61,GO,20,REPSOL,2
20/04/2024 10:14,23,61,GO,20,REPSOL,2
20/04/2024 10:15,64,23,GO,20,REPSOL,2
20/04/2024 10:15,76,38,GO,20,REPSOL,2
20/04/2024 10:16,84,26,GO,20,REPSOL,2
20/04/2024 10:17,76,21,GO,20,REPSOL,2
20/04/2024 10:17,76,22,GO,20,REPSOL,2
20/04/2024 10:18,76,22,GO,20,REPSOL,2
20/04/2024 10:19,75,22,GO,20,REPSOL,2
20/04/2024 10:19,65,35,GO,20,REPSOL,2
20/04/2024 10:20,42,28,GO,20,REPSOL,2
20/04/2024 10:21,26,28,GO,20,REPSOL,2
20/04/2024 10:21,20,35,GO,20,REPSOL,2
20/04/2024 10:22,21,69,GO,20,REPSOL,2
20/04/2024 10:23,22,52,GO,20,REPSOL,2
20/04/2024 10:23,19,52,GO,20,REPSOL,2
20/04/2024 10:24,17,87,GO,20,REPSOL,2
20/04/2024 10:25,16,78,GO,20,REPSOL,2
20/04/2024 10:25,16,78,GO,20,REPSOL,2
20/04/2024 10:26,15,106,GO,20,REPSOL,2
20/04/2024 10:27,15,96,GO,20,REPSOL,2
20/04/2024 10:27,10,96,GO,20,REPSOL,2
20/04/2024 10:28,0,105,GO,20,REPSOL,2
21/04/2024 11:29,0,117,GO,22,REPSOL,4
21/04/2024 11:29,1,109,GO,22,REPSOL,4
21/04/2024 11:30,4,109,GO,22,REPSOL,4
21/04/2024 11:30,1,111,GO,22,REPSOL,4
21/04/2024 11:30,2,111,GO,22,REPSOL,4
21/04/2024 11:30,9,111,GO,22,REPSOL,4
21/04/2024 11:31,7,117,GO,22,REPSOL,4
21/04/2024 11:31,16,105,GO,22,REPSOL,4
21/04/2024 11:31,19,105,GO,22,REPSOL,4
21/04/2024 11:31,15,105,GO,22,REPSOL,4
21/04/2024 11:32,19,105,GO,22,REPSOL,4
21/04/2024 11:32,15,105,GO,22,REPSOL,4
21/04/2024 11:32,11,105,GO,22,REPSOL,4
21/04/2024 11:32,15,105,GO,22,REPSOL,4
21/04/2024 11:33,24,109,GO,22,REPSOL,4
21/04/2024 11:33,31,108,GO,22,REPSOL,4
21/04/2024 11:33,33,96,GO,22,REPSOL,4
21/04/2024 11:34,26,96,GO,22,REPSOL,4
21/04/2024 11:34,19,96,GO,22,REPSOL,4
21/04/2024 11:34,30,96,GO,22,REPSOL,4
21/04/2024 11:34,23,96,GO,22,REPSOL,4
21/04/2024 11:35,19,96,GO,22,REPSOL,4
21/04/2024 11:35,30,96,GO,22,REPSOL,4
21/04/2024 11:35,34,103,GO,22,REPSOL,4
21/04/2024 11:35,39,103,GO,22,REPSOL,4
21/04/2024 11:36,40,103,GO,22,REPSOL,4
21/04/2024 11:36,44,103,GO,22,REPSOL,4
21/04/2024 11:36,46,103,GO,22,REPSOL,4
21/04/2024 11:37,42,103,GO,22,REPSOL,4
21/04/2024 11:37,34,111,GO,22,REPSOL,4
21/04/2024 11:37,45,111,GO,22,REPSOL,4
21/04/2024 11:37,43,111,GO,22,REPSOL,4
21/04/2024 11:38,39,111,GO,22,REPSOL,4
21/04/2024 11:38,41,111,GO,22,REPSOL,4
21/04/2024 11:38,39,111,GO,22,REPSOL,4
21/04/2024 11:38,33,111,GO,22,REPSOL,4
21/04/2024 11:39,43,106,GO,22,REPSOL,4
21/04/2024 11:39,48,107,GO,22,REPSOL,4
21/04/2024 11:39,46,108,GO,22,REPSOL,4
21/04/2024 11:39,32,108,GO,22,REPSOL,4
21/04/2024 11:40,47,109,GO,22,REPSOL,4
21/04/2024 11:40,62,116,GO,22,REPSOL,4
21/04/2024 11:40,59,116,GO,22,REPSOL,4
21/04/2024 11:41,43,116,GO,22,REPSOL,4
21/04/2024 11:41,37,116,GO,22,REPSOL,4
21/04/2024 11:41,35,116,GO,22,REPSOL,4
21/04/2024 11:41,43,116,GO,22,REPSOL,4
21/04/2024 11:42,41,116,GO,22,REPSOL,4
21/04/2024 11:42,31,95,GO,22,REPSOL,4
21/04/2024 11:42,0,95,GO,22,REPSOL,4
21/04/2024 11:42,16,95,GO,22,REPSOL,4
21/04/2024 11:43,26,95,GO,22,REPSOL,4
21/04/2024 11:43,39,95,GO,22,REPSOL,4
21/04/2024 11:43,32,74,GO,22,REPSOL,4
21/04/2024 11:43,41,84,GO,22,REPSOL,4
21/04/2024 11:44,34,74,GO,22,REPSOL,4
21/04/2024 11:44,34,74,GO,22,REPSOL,4
21/04/2024 11:44,49,74,GO,22,REPSOL,4
21/04/2024 11:45,44,74,GO,22,REPSOL,4
21/04/2024 11:45,40,68,GO,22,REPSOL,4
21/04/2024 11:45,46,68,GO,22,REPSOL,4
21/04/2024 11:45,44,68,GO,22,REPSOL,4
21/04/2024 11:46,43,68,GO,22,REPSOL,4
21/04/2024 11:46,39,68,GO,22,REPSOL,4
21/04/2024 11:46,57,68,GO,22,REPSOL,4
21/04/2024 11:46,60,68,GO,22,REPSOL,4
21/04/2024 11:47,45,63,GO,22,REPSOL,4
21/04/2024 11:47,41,63,GO,22,REPSOL,4
21/04/2024 11:47,42,63,GO,22,REPSOL,4
21/04/2024 11:47,32,63,GO,22,REPSOL,4
21/04/2024 11:48,50,63,GO,22,REPSOL,4
21/04/2024 11:48,56,63,GO,22,REPSOL,4
21/04/2024 11:48,45,63,GO,22,REPSOL,4
21/04/2024 11:49,46,62,GO,22,REPSOL,4
21/04/2024 11:49,40,62,GO,22,REPSOL,4
21/04/2024 11:49,39,62,GO,22,REPSOL,4
21/04/2024 11:49,32,62,GO,22,REPSOL,4
21/04/2024 11:50,35,62,GO,22,REPSOL,4
21/04/2024 11:50,36,62,GO,22,REPSOL,4
21/04/2024 11:50,46,62,GO,22,REPSOL,4
21/04/2024 11:50,40,62,GO,22,REPSOL,4
21/04/2024 11:51,44,62,GO,22,REPSOL,4
21/04/2024 11:51,38,62,GO,22,REPSOL,4
21/04/2024 11:51,57,62,GO,22,REPSOL,4
21/04/2024 11:52,58,62,GO,22,REPSOL,4
21/04/2024 11:52,47,62,GO,22,REPSOL,4
21/04/2024 11:52,39,62,GO,22,REPSOL,4
21/04/2024 11:52,41,62,GO,22,REPSOL,4
21/04/2024 11:53,39,60,GO,22,REPSOL,4
21/04/2024 11:53,41,60,GO,22,REPSOL,4
21/04/2024 11:53,39,60,GO,22,REPSOL,4
21/04/2024 11:53,49,60,GO,22,REPSOL,4
21/04/2024 11:54,43,60,GO,22,REPSOL,4
21/04/2024 11:54,44,60,GO,22,REPSOL,4
21/04/2024 11:54,34,60,GO,22,REPSOL,4
21/04/2024 11:54,28,61,GO,22,REPSOL,4
21/04/2024 11:55,16,61,GO,22,REPSOL,4
21/04/2024 11:55,0,55,GO,22,REPSOL,4
21/04/2024 13:00,0,55,RETURN,24,REPSOL,4
21/04/2024 13:00,2,55,RETURN,24,REPSOL,4
21/04/2024 13:01,8,55,RETURN,24,REPSOL,4
21/04/2024 13:01,0,55,RETURN,24,REPSOL,4
21/04/2024 13:02,17,55,RETURN,24,REPSOL,4
21/04/2024 13:02,37,55,RETURN,24,REPSOL,4
21/04/2024 13:02,63,81,RETURN,24,REPSOL,4
21/04/2024 13:03,72,81,RETURN,24,REPSOL,4
21/04/2024 13:03,83,81,RETURN,24,REPSOL,4
21/04/2024 13:04,90,81,RETURN,24,REPSOL,4
21/04/2024 13:04,89,81,RETURN,24,REPSOL,4
21/04/2024 13:04,107,81,RETURN,24,REPSOL,4
21/04/2024 13:05,99,81,RETURN,24,REPSOL,4
21/04/2024 13:05,80,128,RETURN,24,REPSOL,4
21/04/2024 13:05,85,128,RETURN,24,REPSOL,4
21/04/2024 13:06,81,128,RETURN,24,REPSOL,4
21/04/2024 13:06,96,128,RETURN,24,REPSOL,4
21/04/2024 13:07,95,128,RETURN,24,REPSOL,4
21/04/2024 13:07,62,128,RETURN,24,REPSOL,4
21/04/2024 13:07,24,128,RETURN,24,REPSOL,4
21/04/2024 13:08,34,104,RETURN,24,REPSOL,4
21/04/2024 13:08,47,138,RETURN,24,REPSOL,4
21/04/2024 13:09,85,138,RETURN,24,REPSOL,4
21/04/2024 13:09,94,138,RETURN,24,REPSOL,4
21/04/2024 13:09,104,138,RETURN,24,REPSOL,4
21/04/2024 13:10,82,138,RETURN,24,REPSOL,4
21/04/2024 13:10,88,138,RETURN,24,REPSOL,4
21/04/2024 13:11,91,150,RETURN,24,REPSOL,4
21/04/2024 13:11,99,150,RETURN,24,REPSOL,4
21/04/2024 13:11,100,150,RETURN,24,REPSOL,4
21/04/2024 13:12,85,150,RETURN,24,REPSOL,4
21/04/2024 13:12,84,150,RETURN,24,REPSOL,4
21/04/2024 13:12,69,150,RETURN,24,REPSOL,4
21/04/2024 13:13,37,150,RETURN,24,REPSOL,4
21/04/2024 13:13,27,144,RETURN,24,REPSOL,4
21/04/2024 13:14,50,144,RETURN,24,REPSOL,4
21/04/2024 13:14,72,180,RETURN,24,REPSOL,4
21/04/2024 13:14,77,180,RETURN,24,REPSOL,4
21/04/2024 13:15,91,180,RETURN,24,REPSOL,4
21/04/2024 13:15,93,180,RETURN,24,REPSOL,4
21/04/2024 13:16,90,180,RETURN,24,REPSOL,4
21/04/2024 13:16,83,180,RETURN,24,REPSOL,4
21/04/2024 13:16,58,180,RETURN,24,REPSOL,4
21/04/2024 13:17,31,168,RETURN,24,REPSOL,4
21/04/2024 13:17,68,169,RETURN,24,REPSOL,4
21/04/2024 13:18,92,160,RETURN,24,REPSOL,4
21/04/2024 13:18,97,160,RETURN,24,REPSOL,4
21/04/2024 13:18,96,160,RETURN,24,REPSOL,4
21/04/2024 13:19,96,160,RETURN,24,REPSOL,4
21/04/2024 13:19,88,160,RETURN,24,REPSOL,4
21/04/2024 13:20,92,160,RETURN,24,REPSOL,4
21/04/2024 13:20,89,160,RETURN,24,REPSOL,4
21/04/2024 13:20,75,168,RETURN,24,REPSOL,4
21/04/2024 13:21,70,81,RETURN,24,REPSOL,4
21/04/2024 13:21,91,81,RETURN,24,REPSOL,4
21/04/2024 13:21,99,81,RETURN,24,REPSOL,4
21/04/2024 13:22,85,81,RETURN,24,REPSOL,4
21/04/2024 13:22,92,81,RETURN,24,REPSOL,4
21/04/2024 13:23,88,81,RETURN,24,REPSOL,4
21/04/2024 13:23,93,81,RETURN,24,REPSOL,4
21/04/2024 13:23,86,60,RETURN,24,REPSOL,4
21/04/2024 13:24,91,60,RETURN,24,REPSOL,4
21/04/2024 13:24,95,60,RETURN,24,REPSOL,4
21/04/2024 13:25,86,60,RETURN,24,REPSOL,4
21/04/2024 13:25,92,60,RETURN,24,REPSOL,4
21/04/2024 13:25,65,60,RETURN,24,REPSOL,4
21/04/2024 13:26,27,60,RETURN,24,REPSOL,4
21/04/2024 13:26,39,41,RETURN,24,REPSOL,4
21/04/2024 13:27,70,41,RETURN,24,REPSOL,4
21/04/2024 13:27,70,41,RETURN,24,REPSOL,4
21/04/2024 13:27,59,41,RETURN,24,REPSOL,4
21/04/2024 13:28,39,41,RETURN,24,REPSOL,4
21/04/2024 13:28,21,41,RETURN,24,REPSOL,4
21/04/2024 13:29,37,41,RETURN,24,REPSOL,4
21/04/2024 13:29,36,14,RETURN,24,REPSOL,4
21/04/2024 13:29,17,14,RETURN,24,REPSOL,4
21/04/2024 13:30,32,14,RETURN,24,REPSOL,4
21/04/2024 13:30,19,14,RETURN,24,REPSOL,4
21/04/2024 13:30,25,14,RETURN,24,REPSOL,4
21/04/2024 13:31,17,14,RETURN,24,REPSOL,4
21/04/2024 13:31,36,14,RETURN,24,REPSOL,4
21/04/2024 13:32,57,28,RETURN,24,REPSOL,4
21/04/2024 13:32,67,26,RETURN,24,REPSOL,4
21/04/2024 13:32,72,5,RETURN,24,REPSOL,4
21/04/2024 13:33,47,5,RETURN,24,REPSOL,4
21/04/2024 13:33,35,5,RETURN,24,REPSOL,4
21/04/2024 13:34,22,5,RETURN,24,REPSOL,4
21/04/2024 13:34,12,5,RETURN,24,REPSOL,4
21/04/2024 13:34,30,5,RETURN,24,REPSOL,4
21/04/2024 13:35,4,5,RETURN,24,REPSOL,4
21/04/2024 13:35,20,8,RETURN,24,REPSOL,4
21/04/2024 13:36,34,8,RETURN,24,REPSOL,4
21/04/2024 13:36,30,8,RETURN,24,REPSOL,4
21/04/2024 13:36,6,8,RETURN,24,REPSOL,4
21/04/2024 13:37,25,8,RETURN,24,REPSOL,4
21/04/2024 13:37,29,8,RETURN,24,REPSOL,4
21/04/2024 13:37,38,8,RETURN,24,REPSOL,4
21/04/2024 13:38,34,14,RETURN,24,REPSOL,4
21/04/2024 13:38,8,14,RETURN,24,REPSOL,4
21/04/2024 13:39,0,14,RETURN,24,REPSOL,4
21/04/2024 13:39,16,14,RETURN,24,REPSOL,4
21/04/2024 13:39,28,14,RETURN,24,REPSOL,4
21/04/2024 13:40,20,14,RETURN,24,REPSOL,4
21/04/2024 13:40,18,14,RETURN,24,REPSOL,4
21/04/2024 13:41,3,11,RETURN,24,REPSOL,4
21/04/2024 13:41,0,33,RETURN,24,REPSOL,4
21/04/2024 16:50,0,33,GO,22,REPSOL,1
21/04/2024 16:50,4,33,GO,22,REPSOL,1
21/04/2024 16:50,9,33,GO,22,REPSOL,1
21/04/2024 16:50,0,33,GO,22,REPSOL,1
21/04/2024 16:50,13,33,GO,22,REPSOL,1
21/04/2024 16:51,16,33,GO,22,REPSOL,1
21/04/2024 16:51,21,33,GO,22,REPSOL,1
21/04/2024 16:51,20,34,GO,22,REPSOL,1
21/04/2024 16:51,15,34,GO,22,REPSOL,1
21/04/2024 16:51,16,34,GO,22,REPSOL,1
21/04/2024 16:51,23,34,GO,22,REPSOL,1
21/04/2024 16:51,27,34,GO,22,REPSOL,1
21/04/2024 16:51,34,34,GO,22,REPSOL,1
21/04/2024 16:51,30,25,GO,22,REPSOL,1
21/04/2024 16:51,27,25,GO,22,REPSOL,1
21/04/2024 16:52,22,25,GO,22,REPSOL,1
21/04/2024 16:52,33,25,GO,22,REPSOL,1
21/04/2024 16:52,34,25,GO,22,REPSOL,1
21/04/2024 16:52,35,25,GO,22,REPSOL,1
21/04/2024 16:52,33,22,GO,22,REPSOL,1
21/04/2024 16:52,26,22,GO,22,REPSOL,1
21/04/2024 16:52,16,22,GO,22,REPSOL,1
21/04/2024 16:52,6,22,GO,22,REPSOL,1
21/04/2024 16:52,0,22,GO,22,REPSOL,1
21/04/2024 16:52,6,22,GO,22,REPSOL,1
21/04/2024 16:53,10,22,GO,22,REPSOL,1
21/04/2024 16:53,20,24,GO,22,REPSOL,1
21/04/2024 16:53,26,21,GO,22,REPSOL,1
21/04/2024 16:53,34,21,GO,22,REPSOL,1
21/04/2024 16:53,34,21,GO,22,REPSOL,1
21/04/2024 16:53,35,21,GO,22,REPSOL,1
21/04/2024 16:53,31,21,GO,22,REPSOL,1
21/04/2024 16:53,23,21,GO,22,REPSOL,1
21/04/2024 16:53,20,21,GO,22,REPSOL,1
21/04/2024 16:53,23,21,GO,22,REPSOL,1
21/04/2024 16:54,27,18,GO,22,REPSOL,1
21/04/2024 16:54,29,18,GO,22,REPSOL,1
21/04/2024 16:54,29,18,GO,22,REPSOL,1
21/04/2024 16:54,34,18,GO,22,REPSOL,1
21/04/2024 16:54,35,18,GO,22,REPSOL,1
21/04/2024 16:54,34,18,GO,22,REPSOL,1
21/04/2024 16:54,38,18,GO,22,REPSOL,1
21/04/2024 16:54,34,19,GO,22,REPSOL,1
21/04/2024 16:54,31,14,GO,22,REPSOL,1
21/04/2024 16:54,25,14,GO,22,REPSOL,1
21/04/2024 16:55,33,14,GO,22,REPSOL,1
21/04/2024 16:55,38,14,GO,22,REPSOL,1
21/04/2024 16:55,39,14,GO,22,REPSOL,1
21/04/2024 16:55,33,14,GO,22,REPSOL,1
21/04/2024 16:55,30,7,GO,22,REPSOL,1
21/04/2024 16:55,26,7,GO,22,REPSOL,1
21/04/2024 16:55,32,7,GO,22,REPSOL,1
21/04/2024 16:55,31,7,GO,22,REPSOL,1
21/04/2024 16:55,28,7,GO,22,REPSOL,1
21/04/2024 16:55,26,7,GO,22,REPSOL,1
21/04/2024 16:56,16,7,GO,22,REPSOL,1
21/04/2024 16:56,26,7,GO,22,REPSOL,1
21/04/2024 16:56,28,7,GO,22,REPSOL,1
21/04/2024 16:56,24,7,GO,22,REPSOL,1
21/04/2024 16:56,29,7,GO,22,REPSOL,1
21/04/2024 16:56,31,7,GO,22,REPSOL,1
21/04/2024 16:56,30,7,GO,22,REPSOL,1
21/04/2024 16:56,28,7,GO,22,REPSOL,1
21/04/2024 16:56,24,7,GO,22,REPSOL,1
21/04/2024 16:56,19,7,GO,22,REPSOL,1
21/04/2024 16:57,16,7,GO,22,REPSOL,1
21/04/2024 16:57,14,7,GO,22,REPSOL,1
21/04/2024 16:57,8,7,GO,22,REPSOL,1
21/04/2024 16:57,4,7,GO,22,REPSOL,1
21/04/2024 16:57,0,6,GO,22,REPSOL,1
